feature_0,feature_1,target
-6.1455213609765078,0.21934402097962691,0
0.46547954086425802,-5.7124064982509175,0
-4.5776084667827366,-5.6301907561761322,0
-1.8049266123449292,-2.8092073384037795,0
-2.2060306609738491,-3.353041807451107,0
6.7023795047796337,3.0461998290980494,1
-3.4277076241751918,-3.0444463478796355,0
-3.4499301999588319,-3.1525891844358891,0
2.8448738612790274,3.4728776378288995,1
-5.0270835563414824,-1.0668604798436543,0
-1.6273197232453587,-3.7924616485757072,0
-3.6457015370307646,-2.8133434292987238,0
2.3860759398586109,4.7222079476944527,1
-2.3460550639228304,-5.1146751302207178,0
4.5463648652302764,1.0129120494616952,1
-9.5133085908000439,-3.812054569185594,0
3.1685369972195923,3.662073990338603,1
-2.2141225586077984,-4.0606408025323191,0
-1.5837804816357046,-7.9271978822183593,0
2.4739403590070563,4.3863887655838152,1
-3.7015808823648708,-4.9577509820100456,0
-1.3026567084603329,-0.5861538942921638,1
-4.1894581708698322,-4.5487223647830479,0
1.6694086325103532,1.794500772335315,1
-4.0346814117775569,-5.1566198360454001,0
6.7018049309061496,4.3490933566388561,1
-0.56290354142364674,-4.9228546639503916,0
1.5969934878461693,1.4477354232219224,1
0.57224606835974212,3.7014526502652663,1
-4.2163264428023783,-3.2984067565925934,0
1.4233112398541214,-3.5252818436440543,0
-1.3200001773183216,-2.1403488006432623,0
-6.4507495306257372,-6.5250626224077237,0
5.6148084600102042,1.5270745427228285,1
2.5759691022559945,4.6814510911258616,1
3.7927246850503127,2.3993410737838103,1
-0.97984600173069714,-5.3421644313150658,0
-4.2713152280445286,-5.3027127269246019,0
1.1533713196966691,-4.8352111888471976,0
-0.78577819068220256,0.65208578740217504,0
5.3788874453126203,2.2332058554025784,1
-2.2836506032068211,-5.3983233401700605,0
-1.5909778932173482,-6.1165495309779887,0
6.7850056787509967,6.5983630184915008,1
5.2273093695292747,-0.7064954246958961,1
-4.9715298916267834,-2.6721235120106663,0
3.7047791619937609,5.6359296296414376,1
-5.8768679657409146,0.18053502747006744,0
-0.24448582309618283,-2.3329021119499433,0
6.2607357195055044,4.6810063135447937,1
0.075589216229487999,-7.0581777835135471,0
3.9900950114230538,3.3206636704490951,1
3.6539255693835822,1.5451824562396026,1
3.0082601174308823,7.3406476455803595,1
3.000598649912904,0.5754510155066157,1
-6.7755900734543975,-3.9646084917421502,0
6.3187223344328327,4.7847228495592216,1
1.0100955866551917,4.4936382575662055,1
3.6972270970474832,5.2621476749649148,1
-4.2058406675136659,-5.0015255180550984,0
4.4382366784495826,2.7738821640243376,1
0.68369050383954288,-0.59158916623900204,1
-2.4543965936300349,-5.1183710158667299,0
-3.674568774455278,-0.68207879262483129,0
4.8262608489387278,0.70435685047258367,1
0.078451536832660373,-2.2279340145428304,0
-0.10887330417746455,-1.9383164476312897,0
-0.30910945481772556,-3.2768873926685744,0
0.030851571394012289,-2.9950547063067132,0
4.0882964792771554,2.8616683036783046,1
0.71573810114086811,-6.1516319574273837,0
-3.5245527526567075,-3.4147420851046881,0
-1.6381807013568226,7.8655856381531528,1
-0.042589280792751705,7.1556461591687981,1
-0.85913492701012339,-5.7699836024259525,0
-0.36728087470993698,7.112074504277305,1
2.2960849658605387,0.50243931077461079,1
-3.2588450914614424,-2.3408064492895586,0
1.2022470933377798,2.4952102334048964,1
-0.89455828157922745,5.7080632405119562,1
-1.161974650288278,-5.2053097808971094,0
2.5234869980849917,4.1908682584175798,1
-0.74332656411929321,5.487264231836428,1
3.2629190545928877,3.3790108342497631,1
-0.75507366961909783,-4.3816821557421974,0
3.137454065099941,3.6536955953245416,1
-1.4621336152812727,1.6285207948451685,1
-0.20950628349416967,1.4878799505960885,1
-5.7435311101669999,-5.5797101704724064,0
-6.8313670586172321,-3.3153362655609064,0
8.7223722189555026,0.17236823591520967,1
3.5703096575948834,1.580019420228268,1
5.7206432319001035,3.9873014043456054,1
1.391919155918846,6.3443452992200822,1
-7.2521857955818199,-3.2435407353518917,0
-1.7903543879370665,-1.1479443644352192,0
-2.1641192252878749,0.34344852386569524,1
5.119209760779686,1.2958199057551154,1
-5.0585667439865354,-2.6095682888208316,0
-2.696496851989941,2.1661298092090444,0
-1.7185854855444338,2.3298742552077458,0
3.128607393409983,2.763693433999812,1
-5.8485457574080337,-3.7075598348305743,0
1.4925441736059484,4.4719307031738129,1
5.3030058612126147,0.77226211313802828,1
-4.2669275918534986,-3.343413299139121,0
-1.8527805526423149,-3.6654181400962313,0
-8.031468623083942,-2.1360513154025029,0
-4.4735554111733276,-3.5111143361278363,0
-1.7770245327258145,1.2123012208111401,1
-1.0651612156803321,1.2504530434199981,1
-5.1005223468857697,-1.8545224058404914,0
-1.1498597509832091,-4.8472398650992039,0
-1.4918440681492626,1.6806650137004133,1
1.1643989739549581,4.4552164911266336,1
0.25992945667734046,2.5014053012385356,1
1.419926780899746,-1.6334049429665058,0
4.7244900006017332,2.7839481817818954,1
0.81965583925998731,2.7836056221031344,1
2.0045726899525884,0.1763414368767231,1
3.3127393604103066,6.8173708821076549,1
-4.1649921387672553,-4.2119693227160138,0
-1.1943478832147922,-2.2011647748915464,0
3.4479250353069313,0.81531920099661859,1
1.7142762040492361,-3.7801092444487128,0
-4.362818237855846,-4.0812394260120337,0
5.1926723403353687,4.7302202911020013,1
3.2611879808587796,0.33382059345624882,1
-0.083030882037315124,-2.6617383206383818,0
-0.22485548016574741,3.3041776809827921,1
5.3317356051514029,1.8133603717896312,1
0.96937666619857321,-6.3729568743750953,0
-4.07866887606259,0.40432449136964266,0
-0.61061790569179575,-4.0655084365631735,0
-1.3869784469493665,-2.6635725771927858,0
2.1395170893288316,3.364678372634399,1
-0.2002551996097921,-5.1166791322857748,0
3.2298395722845283,2.5545210901451179,1
-4.2473600412097756,-1.3673901415716163,0
-1.6863911944881431,-5.0197570809396836,0
1.0741412641791985,-5.9525734085457103,0
6.6751495379525405,3.311727065133284,1
-2.1763238802363682,-0.79133283523836351,0
-0.55852495132674118,-7.2948905991869086,0
-5.0122668891631346,-3.2053079387968233,0
1.4222807685067143,0.31219539205332225,1
1.7336199516682074,-3.6815527694324324,0
-0.097870515919690426,-5.1641110074260848,0
4.4186722501524143,0.71787914517588058,1
-5.3439022644641554,-2.1666749867066208,0
3.0672546243243346,2.259059021391066,1
2.010083529434266,4.9003668617563587,1
-2.995916144075685,-3.3843970906286751,0
-3.6911735007881536,-2.0366176311627164,0
-1.4792951610959053,-6.9129156694634952,0
2.4793191550626368,2.7961433223670924,1
-1.8413104025696339,-1.1209265588588277,0
-2.8156064357886645,0.36064355271149884,0
-2.5705534173773152,-2.4053323717072854,0
-6.5267245149814599,-2.1660550003069909,0
3.8831307667966759,4.6549345329492438,1
-3.1174730585223167,-7.2050126523225417,0
1.3737826823747779,1.1533719073158104,1
-2.7188586788090947,-3.2953954544776676,0
-2.0080937662897931,6.8704413776671194,1
5.6948653514596561,4.2827950423118972,1
1.3693260646623731,4.4324737842038289,1
-4.8305790784517706,-5.1667776662176577,0
4.3004912704888678,0.0031751579105856464,1
4.2245867930913974,0.98120612282684982,1
-2.7508756301960622,1.2952549805860407,0
0.15733601289444454,1.8405680171156515,1
5.373637812135815,1.7651623043406441,1
4.9370500594771798,-1.3542501961466433,1
-2.4261356832717338,-3.5880354892895134,0
-1.3312978135888907,2.4115148922790333,1
1.0102354203129298,6.496172447894816,1
-3.8176095621416848,-6.0081978801048583,0
-5.2624568341763904,-7.24232471898216,0
-1.0915524685150224,1.8609768555631649,1
-4.646042022732277,-1.5887524540952682,0
-0.99238147454913506,-5.5984653449443602,0
-0.021688557921567764,-5.7932126041012157,0
-7.183451520389883,-1.4743360466191529,0
7.4873422148447784,-1.053415222575345,1
-4.3626398430485658,-4.2379332912086891,0
-4.7801041451012392,-4.0894529176377361,0
2.1291429256145276,5.1688687959718749,1
-4.7799929383948783,-4.4703206322375051,0
-1.8030112395322706,0.90832013522418764,0
2.7032928142513377,2.5254213177354625,1
-3.3548583773703551,-3.9751093981869516,0
-5.6513500862594981,-8.3626117129035205,0
1.4777983889356614,-4.2679432517180178,0
0.50330152272414885,-0.99109160790464257,0
2.6581551992829406,0.060348371828589542,1
-0.40039278697819736,-0.11251682881618219,0
7.0096612925521375,2.54580223322235,1
-1.8359110200594246,-3.9139587987527973,0
-3.1973793119389926,0.44851861491259282,0
-4.7843012023047784,-0.44334316670507112,0
-5.8581079301724142,-5.4942425235811267,0
-1.7311587138756104,-2.3702264023959372,0
0.70253277874859599,5.7067829000998431,1
-3.0311141447042504,-0.67037547673811693,0
8.564411495535543,2.343198402260998,1
-2.8282677355733838,-3.961159816255631,0
5.2640907785345892,3.8411561112488637,1
-4.5115858113977279,-1.666757262738175,0
3.9795694457351836,8.5605728132554084,1
7.2884530380314549,0.80458516253823653,1
3.2191272373702855,4.354924186762192,1
-1.8160342812405819,0.39720987084975334,0
3.4763023803108393,7.4863975817480108,1
3.5415595456377913,6.6292599470062408,1
1.2156605256627748,2.0470671129739908,1
-0.45869208316733667,-1.181792895024409,1
1.2250721970746283,2.192343203169477,1
0.81539849055573521,3.8903290080231994,1
-4.348787565331568,-0.8693834625969501,0
0.0509418862771569,1.7626147397235528,0
3.3864648510003583,7.397265781822858,1
-0.067921382358424154,-3.1974851096896533,0
2.6925386088189405,2.4578184412268862,1
5.0946182384965306,2.6847824685015418,1
6.4080273441401676,0.9357449711952639,1
-4.3119903376308493,-6.6369268489540083,0
-2.2008731079397839,-5.7018826002625076,0
-1.6820955979057932,-5.3070469329202883,0
2.1764158413095593,3.7942966568021488,1
-0.817703053828855,-5.8556493663219555,0
3.7115539901599379,3.1883679390335939,1
2.2148863979122506,5.5049112087691832,1
5.1769946142857011,0.86357439213658305,1
-2.5200076100853668,-2.2053624652384816,0
3.9443855458906958,4.3583002215702846,1
-1.9402221404781554,-3.5977198248064042,0
-4.148501136166499,0.18285465696692427,0
-2.7640959963601852,-5.8260217741872893,0
-5.085223260767151,-3.7767097560203107,0
1.9005148678574508,3.5120874999228882,1
-4.0824480651276263,-2.7989139107449281,0
4.1279661243914987,6.192357752898868,1
-0.88106994234265201,-1.6012930293801124,0
1.6643584010720827,3.8392283096418747,1
-4.7192830385822848,-4.7470804183058934,0
-1.5218453513623575,-3.8694223794140434,0
-2.5009342211182215,-2.5009947560862411,0
4.3427344647146828,3.9186575746260064,1
7.8710401520066684,6.011683774822294,1
-5.9990584534382636,-6.1338944723954842,0
0.98571847667957302,3.1438532998642037,1
2.3703104908887118,2.4416762906403213,1
-3.7153843625821903,-1.6402088556598329,0
-1.3471475497403123,-4.1433772230816324,0
1.0844097930414529,-0.12101672520326456,1
1.5537188568090405,-0.39913805080077225,1
-1.4477843614504482,-4.6957663150884255,0
-3.0584883527383075,0.56809912971117571,0
2.9539699178638799,2.0863255978254625,1
-2.2220680107420745,-4.2450340972543925,0
3.6940252335501622,3.2366201503756087,1
4.5053087826501415,4.3346303044593144,1
0.43474409303653205,-1.0611711059217876,1
3.5811657866349216,3.9367874134959906,1
4.8534203359162884,1.6543482596426049,1
-3.0878063890466176,-0.28454510536273503,0
4.2735290033118378,2.4790400148388727,1
-2.7427481802415716,-5.5247111451901638,0
0.29780370482285257,-3.1112572622962058,0
3.5919971200813956,0.81306552871301241,1
1.9271079003467029,4.9928575347850197,1
-4.7489739809917335,-3.2119708670481408,0
0.88763250697086438,-0.16284279668919455,0
4.2152119049879264,2.7266337982815592,1
1.9656194681953569,4.2304983361078552,1
-3.393227592973596,-3.8319440455119764,0
-4.1237730629708533,-5.3211820319333043,0
-5.8088101130365821,-5.6423234614891626,0
-1.6981481456925054,-6.9171451469888856,0
-0.60396742982347673,-2.1633487661604689,0
0.74062278371500989,2.1329058368688396,1
4.2386957289869258,3.6054945012512363,1
4.23966918102089,4.1694728864787471,1
1.2883832930820975,5.3384023882359575,1
0.068124869696835955,-3.4721600670593036,0
-6.2699183116746955,-1.099826073783728,0
-2.6513830735742459,-4.5467167624688525,0
1.3331201247551394,3.9651113228821582,1
-3.7562499840819212,-4.8188452852862467,0
-3.2308045536297461,-2.9108738687380344,0
2.1566156593054258,4.4227574185998213,1
-5.4333154002228889,-6.3074527444039727,0
-3.1101663845800962,-4.0499392851133278,0
1.4314768077890407,0.95729348882672749,1
-0.17015961649967304,-1.9329962623777683,0
-4.5745039269054004,-4.0131052549111441,0
0.21892242151917962,2.6516211643926231,1
4.5237829011275714,4.2380300079859783,1
5.8665593481083746,2.2032680758824807,1
-0.82467005182048458,0.71086030767084996,1
0.75691386048226006,-0.55082753291342135,0
0.65789313501592694,-0.50312688742805944,1
0.73435268660263331,2.5471390888462651,1
4.4160877638867504,2.5603859488705116,1
-3.7404524059679582,1.0561951428708758,0
1.0391909848123211,-1.5067846943394656,1
0.52061160062074396,4.1791958459589447,1
-0.7113507063750335,0.4866208338501421,1
-4.9393007879075599,0.43643045959059634,0
3.371574991007197,1.9912971816121061,0
-5.5933820415167572,-4.6561999746431066,0
2.3689998532937184,4.3729682300426935,1
1.163026183455359,5.3977938373817764,1
-4.5170965791233666,-1.918515059808364,0
7.0798805610795563,6.5978098798446414,1
1.9187186308996631,1.7043223344401395,1
-7.2936493158404634,-4.7201775766032936,0
3.0036880278027587,2.1700364857724725,1
3.0967381126534868,3.3425474106937947,1
-0.9672344056852431,-9.697029808578371,0
3.1704688146236863,4.5446449975865555,1
2.6219345299010062,5.3702688154574858,1
-0.81822015660174108,4.4364922833896898,1
-2.6787436591150033,-1.9238993807404641,0
2.4414145657256197,6.2443520428687265,1
-1.5426468515330243,-4.3061762062932925,0
-3.3963868044145817,-4.1675086731248969,0
-2.1112466286265308,-6.8979029520706874,0
5.2585416008110277,1.4085301623044213,1
3.7076313636997109,1.6989139189666902,1
-4.7356142885076515,-6.5985342029616243,0
2.4176781886877299,0.40623449707491055,1
-1.6290149885735361,-3.4479508302640305,0
-1.2994409983840132,-1.6912636154718919,0
4.0468766357053951,2.2677609815213851,1
1.1582197900126268,7.1777280900675509,1
4.8380633214140598,2.4769796431571391,1
-4.4929941724795643,-2.6349753062847281,0
-3.3978276787040302,-1.5060529724348288,0
1.5640255680226895,3.7632772278422002,1
-1.3948696085630257,6.7096248402494325,1
0.96478415530511885,6.2836429079292486,1
-5.1814695269024975,-3.0485022363631096,0
3.3585657180539688,-1.307162611004256,1
5.3396725312254452,5.2221208035288562,1
4.1794447659163882,4.074758349669553,1
-5.0311294416409869,-3.8167442443276807,0
-6.1057853595394196,-4.5620943498912867,0
5.8596734065550926,3.7151631906430658,1
-1.0947101410535658,-2.6549290600412747,0
1.3081487873400794,1.2023417809581396,0
-2.4911164915699278,-1.3713061522916166,0
3.2147544558921473,0.3804668764277821,1
-2.3527925885682959,-3.4689147581435757,0
5.5940537309232194,0.69893283131933615,1
0.28577063260700752,0.012418461160744521,1
7.9669094906609006,2.8207245957232354,1
-1.5361172784019468,4.2803802726518612,1
-5.5574805945310253,-6.8369717938471801,0
-2.1981279834561316,-3.7609565784460615,0
-4.5651727705880774,-6.2940480555353862,0
0.8592846198060391,6.2981442614387797,1
4.2739156412578376,0.097093386822578065,1
-3.1427921365010709,-3.0350275656926162,0
1.8580130382318516,9.6468781864951474,1
-2.5809045615459469,-1.042064229840741,0
0.34174307877988053,0.97844830017378115,1
7.2686940461832483,2.4008083532130362,1
-3.6796224072737846,-2.9084726359096553,0
-3.2398610457008958,0.24222875841654545,0
2.5467659885921305,2.4593732711400662,1
3.2770979685045614,-3.3270373479011424,1
1.5989652087897359,2.8273360574770776,1
-5.5847531270000381,-5.2338930254983573,0
-3.3153117854084648,0.027818018348581663,0
-0.69650295029106779,-2.6046353118293308,0
6.3839684064085596,2.7139286072489188,1
1.5237952170967721,4.1549185279837149,1
-5.8639408281617644,-7.1190812753457733,0
3.3630692056699343,1.5790993919534282,1
-1.3272350831941604,-4.5343196093797351,0
-1.166418208312979,-1.3922649573251078,0
3.4169917286554266,-1.7025991239637319,1
1.0237272939672379,3.4771486967259371,1
-0.59754343718452363,-5.2440274224450203,0
-5.4662788483709237,-4.2132779279900578,0
4.9062472973580356,-0.90659381321987365,1
1.4050472223120505,4.0602028215029353,1
-0.10900325212960382,-1.9855602136831485,0
-0.45113419630558171,3.8441625994935547,1
2.4262360162226755,2.4706108045055197,1
-3.0985540758533525,-2.2027467360254915,0
4.033169921178354,5.2256589290685032,1
-1.2602108053128962,-3.9868241059947724,0
2.6353201962824548,1.6101092877146208,1
4.7307927450745604,0.33065052478803203,1
-4.0757255320008356,-3.9232153664820233,0
5.6593195353697254,1.9686060889609565,1
3.2292875220404298,0.39528575675569266,1
5.4414490907026476,4.5882433568937078,1
-3.1431488467512834,-2.2763786013591512,0
-2.67851563212092,-0.34415872195072827,0
-3.0321183409966079,-2.3765064833000098,0
1.3760301399237456,1.5909975651358201,1
3.9979152664417676,1.6805200176012416,1
4.4022967283839396,6.0840436677969372,1
5.5272371365571056,1.4439762576254911,1
-2.9430957973069156,-1.9742992267067809,0
5.9344858475065436,8.1858551722764155,1
-1.8475365488366073,-1.4798972836575877,0
-4.5783408680308924,-2.0461035634812106,0
-2.6594603046325629,1.9030296394368484,0
-0.6255471012960574,1.6023064473207684,0
-3.3288037490943116,-4.4100152506903818,0
-5.5426769934110425,-3.3485435937535586,0
-1.3247959016036852,-0.62999375630711718,0
4.6344181852536748,3.217421862523183,1
2.5829324269490694,-1.4331123336643063,1
1.0031337129506257,1.8574793884363652,1
-4.3005884487014843,-2.7556431678789957,0
3.7188879132944299,0.36624520844337072,1
3.3559102515363621,2.5365748328968794,1
0.47562156908992881,3.1872101410642659,1
2.9337093392397877,-0.31743153646389155,1
3.1673920997635312,5.3081449472172277,1
-3.8803554111974288,-3.5650288448080771,0
-4.3117465314868788,-1.2764830016272601,0
-4.7365496663568107,-1.3062163894831909,0
-3.7814240770547976,-7.5420555937666727,0
6.7829492803014713,0.83656140807780011,1
-1.6697053313378529,-5.0395170708228072,0
1.8083490959917816,2.0934681266774691,1
-0.83420281554725451,6.0508729049831036,1
-3.6006986739498301,1.0074083203222326,0
3.5612398053690901,3.5242898133791796,1
-1.8320531710004151,-0.97246679675946845,0
-11.719372061341337,-1.9639618654950695,0
-4.1702809400837086,-3.8334529697694095,0
-7.3824285406658605,-4.6809096687402318,0
-0.30688802028336903,0.55691509187629684,0
4.914183353216286,1.995193373045355,1
3.002633284561695,1.7488200551652837,1
-0.97977925818247247,-2.7897821114857333,0
3.9995072374777974,0.74490227843058587,1
1.2947346844077641,1.7852771260363443,1
1.6370214676593526,8.7218444814723561,1
0.52801858386434164,2.4007611248070742,1
0.022593037285979722,-4.6371354084589118,0
6.9207288927306463,3.4761170580784251,1
2.5007295119676645,2.5172066310908177,1
-6.1861167447447727,1.2090363020435229,0
4.9843756620948039,7.7051798867087582,1
-2.6360266682426885,-1.4198529306054366,0
1.9698400665052465,7.5720634064053076,1
2.4505547261159024,3.8881966713280116,1
0.87502323178218999,-2.6614076959044484,0
2.5199587513175219,4.9035125568836619,1
3.3717899041715436,2.4834446994187251,1
5.9544878292025114,5.849624271768449,1
-1.1028302958078635,1.7682837603634605,1
-0.12465231509627195,3.7249484729291842,1
3.2545144601463547,5.296010933237068,1
1.4700645704349484,3.7781005222293929,1
3.8802110764368329,1.7767527226266864,1
6.7932185753664847,0.72537448642110336,1
8.1585699026173977,0.68727035044350782,1
-6.0750460493387886,1.4687404193013123,0
2.3777809749661456,1.840855799352485,1
0.7782734291165454,0.27251465955400178,1
1.4617173661108713,7.4132223543880906,1
-1.5033198787084525,-2.0564475252450265,0
1.2859484147752618,3.7953182009293576,1
4.2644840724517987,7.3534365064452194,1
-2.8836596767553071,-1.4712312021457792,0
1.8975969832104052,6.9648185733159949,1
-4.1851348406026005,-3.5280578055524794,0
4.2120797599876063,6.5989667716921971,1
2.1456172029347162,0.33286870366951415,1
-9.9642542934521678,-1.3068985972992462,0
-1.9172067941510038,0.60978575647210143,0
7.3221071063387386,0.63269877486106463,1
5.7371242524434658,2.8477517552846945,1
1.4587196350052634,0.52140470909625547,1
0.31339333600051944,1.7756473958097654,1
1.2475409518058771,1.0208120229413293,1
-0.21031545200439794,-1.8691174569922917,0
-1.4973463499554989,-4.189461504112618,0
-0.10707231367801295,-0.36047770727523343,1
-5.3938100730121175,-5.2420702526091114,0
-3.1810434194796691,-2.8714382128485285,0
3.1803041901788776,1.6540809550619169,1
-0.88275312395838235,-3.8479193518015196,0
3.638292248135949,3.6291359121506406,1
2.4627886789763469,0.25091462318882307,1
-1.6520027591866213,-7.1420991707471897,0
-1.5325343437068186,-2.5977877201143516,0
1.9003504547307608,7.837862564589404,1
-1.8650638748926927,-5.2340848279063144,0
6.7451013221142873,6.1864270681197198,1
3.5649858620189407,-1.234508525145479,1
2.4943588200853632,3.4166504231569856,1
2.440274773151148,3.0202361887847209,1
2.9218799374680153,3.8663023388100131,1
-3.9806895538150595,-1.78818810492068,0
3.0140285325356793,0.078217841059473603,1
-6.3309483642087798,0.095087278056659397,0
-1.479439171007523,-3.2182262629157541,0
-5.3288217684174084,-4.369896481805525,0
3.1277622067094235,-1.3216319190948145,1
1.6551177492112696,4.5930930819159688,1
-2.5157668152266388,-3.4830763322755063,0
-1.4519390378590598,-1.0735739304019238,0
-6.4468286588043195,0.19677187289813425,0
4.2357698281422875,2.9770332837122,1
-3.0770663838543699,-5.6972828348335938,0
-6.8173532966076458,-2.7138179757894538,0
-3.1585605556710887,-1.8210653081030006,0
-0.97574444795272131,-2.7036551299275202,0
2.2818374623849076,4.5323608377426527,1
-3.0131391951318816,-1.2831713009834944,0
-0.56977248521849644,-3.1131541250546513,0
4.7914290956116474,3.8772153981842714,1
-4.4503150495195438,-1.4838570787053345,0
-4.2092061098700988,0.108071272865645,0
1.3056979434550477,-6.1540524963163854,0
0.46432566578636214,4.521440189399307,1
1.9855337634138319,-2.749013655957139,0
-1.8636796963255313,-1.6784017964683446,0
-4.1180528459242591,0.04205018848847919,0
-4.9939740989881312,-0.37831935535056127,0
2.0972853941281864,4.4701490377191195,1
-2.9958594032887294,-3.3705583407336754,0
-5.0537721273790055,-3.6313429032621345,0
3.44350001196546,8.9869247060573834,1
3.7277583267512684,6.928154475082497,1
2.674998920195057,6.090336104495564,1
-5.3458393071148524,-0.43606415581430369,0
-4.6571063830388368,-3.5308776368239205,0
-6.4191556122505897,1.5320158323393001,0
2.6577607302060162,-1.6827232573472433,1
6.5791530183457256,1.537854328185603,1
-2.4406197608893141,-3.4392566765690784,0
2.9675722421926438,1.3554965504683338,1
-8.2889803218811053,-0.25257968101388695,0
1.7935224992669805,1.9558324493129406,1
-7.3376966382476487,-2.0820745000198859,0
2.2917944046285319,-6.1353846698943997,0
-5.0050406023652165,-3.3252390560820611,0
2.6050636871295572,-0.80422550692826444,1
-3.6521099388508631,-2.3262902121373714,0
0.97836362729437232,3.4844282394226935,1
-3.0628641577010485,-2.9878541068225952,0
8.3299622813185206,2.533332706505885,1
-3.172948811267128,-7.5093903909131825,0
-7.3268589143005975,-1.9836710056479268,0
3.9019457082857532,4.3412778502553389,1
-1.2758264225373837,-3.449865849563087,0
-8.6267066572303879,-3.7003143658451387,0
0.071416859235200025,-1.806944742640672,0
-0.34281811967741538,-3.7794308324291306,0
-3.7190019565113079,-9.6348244772541207,0
1.061763683303127,-3.1113583521627262,0
1.2247897094148665,2.3968133171656802,1
3.9436649411401223,10.283318547316101,1
4.6281557276660212,-0.12560679272483233,1
2.4694265020936141,5.0642260502372149,1
7.7565908938052281,1.2787855553800798,1
-3.1987586045709433,-2.4951731510979211,0
-0.40050376356101536,4.453691739370595,1
-3.7692242662574991,-7.5022845121174369,0
-0.047042151910028807,-4.8333936604035079,0
2.8493916377030053,4.130776246696545,1
-7.1152230522094291,0.66483227369569908,0
3.5857187240484865,0.24363590932524071,1
-1.1976855460539628,-5.74115706132031,0
2.9950625918465001,0.5692279047372355,1
-5.4215994670738406,-1.1660145240936914,0
-5.4750654352127333,-3.8472278773727178,0
3.8738038641000418,-0.44046429824521294,1
-0.99327433104088314,-0.53068196361683251,0
0.96987350111334258,8.9282678991567064,1
-1.0907134241997207,3.6535556140656942,1
-4.2697433312625499,2.8130198107254261,0
4.1188431824729363,2.6500481618067733,1
4.5882872874998935,3.6798421707663715,1
1.6634282325902527,1.0097275338952405,1
-1.6894920845682342,-1.9956341299801865,0
4.2938208244015605,3.8338192822426,1
-6.9816318537298869,-4.7879229877030616,0
-0.68524928317327705,-4.7343868397571836,0
2.1636284083354544,5.5100267664035574,1
5.0035826452224708,3.5187267812376675,1
-3.0257887099199063,-6.3213998841045633,0
4.5529930248130119,4.1139142436582876,1
0.98368650887852382,7.4870765954151173,1
0.93624865388459577,4.2734492286431482,1
-3.3019700237110223,-4.7206870451164047,0
-0.44803886411886173,3.0105821121146064,1
-2.441462929409778,-0.69360078663000024,0
-2.9223463045206244,-4.664440903453988,0
0.87989594495028101,1.8212367749298153,1
5.10810434472757,4.9346754179954946,1
-3.8059687241572959,-1.695178023981164,0
-2.3982805040610815,-4.7641257704024955,0
5.7693831173817554,7.97331874581214,1
-1.9387459338017055,-3.214468725167519,0
-2.1894197697952551,-2.0072050489647717,0
-6.0548218792713229,-3.8710680479260335,0
-6.3536520444811391,0.035622799918471948,0
-7.105223355892579,-0.20403025406696873,0
5.671546661626504,1.357742934091281,1
4.8202939180138493,7.2198136755741968,1
-2.4589988229932938,-6.656215550094613,0
-2.4792585930111262,-1.8216189803142628,0
5.6359685652558786,1.9467322359657206,1
5.3110718106212431,5.3839643803558115,1
0.4235572667997185,-0.46855918051834111,1
-2.8140834831178356,-3.8262387494970134,0
-2.8063134397966882,-6.3251960240898759,0
0.49596464215277969,-4.2615504274821436,0
5.871524377403885,2.9787001635206094,1
-1.233927904951351,-3.3919631334496874,0
1.930174895754613,1.830714951166587,1
-0.20683466965950448,1.0081846840658708,1
2.3479692019549159,-6.7703516930478571,0
-7.2378127631876703,-2.5547639635286239,0
-5.6521323723634405,-5.3681317162913578,0
3.7919312857663798,1.6280661337107127,1
-2.7241174266219415,-4.4490084843355078,0
1.8307938448152115,3.6618608277319122,1
1.8323208828255781,-5.2453052879308739,0
-0.28829825838140577,-4.6765041551883293,0
-2.6909747276492753,0.37178811091686015,0
4.7218914075442875,5.1988498786292325,1
4.8938612772669243,2.3415928568703763,1
3.1919341453496641,1.7769493738115798,1
-5.2112051648554241,-2.8605137661508437,0
-3.6704920503679275,-0.49796502862061853,0
-2.3917176491516119,-4.7149290531103025,0
3.6267463225272585,3.3662333693905024,1
-3.9579075135734345,-0.055162135513298516,0
0.62828877413679463,2.4911524002076062,1
6.4866744016048745,3.4384622626274481,1
-3.8442576635236567,-5.439876892381502,0
2.3043373136223302,3.2404011797165717,1
-1.8465707640812425,-3.4945920080749278,0
-6.2957136430394982,-0.6994117393658712,0
-2.021635843298033,-1.2152324624534356,0
-5.8153561179117563,0.38523647306962294,0
3.8377524704369281,3.2590918214637163,1
6.762341515788834,2.8232150415956681,1
1.3263657696612559,2.9969339091555476,1
-0.70084500186123844,0.71512221304609858,1
-4.6167631955973203,-2.9023632633011811,0
2.0361371394044601,3.0118928624816532,1
3.7507048722756391,5.6699213249692439,1
4.5149237397669051,1.6013295009781385,1
-1.0422558217280882,0.3747317571634361,1
-8.9411095146425446,-3.2112238304466354,0
-2.1651710359834802,-7.3296574862335158,0
-3.4227209907493643,-3.2354726817575128,0
-1.6539782374222907,-2.8384050435284056,0
-0.31225416890711477,2.4975293396267291,1
-2.6964183802193293,1.217893137316483,1
-4.4664617019971162,-3.5398538180012364,0
-2.0387955573182692,-1.4436011539749043,0
4.5469740454171852,3.3479292605206581,1
-5.3191772749878057,-5.0714795857916082,0
-4.3175487174008751,-8.6172883735857688,0
2.0748631616232474,4.1147301030707197,1
-4.5596311660221591,-1.5737122169922155,0
1.4386704212320374,2.3723746107176971,1
-4.0085628954066994,-5.5840704456482158,0
5.1586088953682019,1.7546156190277167,1
-2.4930859465831832,-0.40074720613325621,0
-4.8576178479672709,2.2453863152755797,0
-1.8759669765564786,-0.78693437935542798,0
-6.7903074394055496,-4.7855363766038774,0
-3.4223493820370186,-3.5686321144504367,0
-5.7945834768048066,-2.6074836938456647,0
-3.5834775373682941,0.93029966960202293,0
1.1538146600768451,6.5270399060470456,1
4.098092639810166,0.52389814897799436,1
-0.78241308904017881,0.30614149757767928,1
-5.0335418483427636,-2.1743781156899096,0
4.1899829316253641,2.7730109513613561,1
3.4287322245379306,3.0275465812133899,1
-1.8748734445415074,-1.2514633695304833,0
-1.297762482685449,-6.5260010571103582,0
3.3913185878484993,4.4355455572616869,1
1.9247006887141682,-0.87935907870624774,1
4.2619672698435416,1.524260331182038,1
5.9111532840637198,3.6072198391378598,1
-0.90315987299746503,4.3538358114609341,1
-5.8195929031537075,-1.1375913931469162,0
3.6121866983633999,3.6722320054123134,1
4.0383413881717836,5.8407030231659736,1
-1.4941412851526581,-2.6304919164769047,0
3.9039553221390779,1.1124700421108882,1
-6.5788164580711035,-1.7631393135839617,0
-4.2383600570902873,-5.8886387123352009,0
-0.95029758028748912,-2.1705376606904938,0
-3.1656275433511247,-1.9527272002986176,0
-1.8553397589611129,-2.6498447705310531,0
4.3977166534503649,2.3691844953434038,1
0.70727324973842443,0.57347882357668167,0
1.3228275269855443,1.2250217666202152,1
5.1889143812320553,3.8894307884288764,1
-4.2428417560681453,-7.5142000114366327,0
-5.2585723763690959,-2.2590918944726006,0
5.0387832206654632,4.8996738781787217,1
-2.2471451905054156,-3.6048326676091711,0
-0.3094311840602102,-1.5754609384941132,0
1.080478911321727,-1.9115953460071893,1
1.3239454734792884,2.6297466300149703,1
-3.5170369099215644,2.0926459923628329,0
-0.32744322993342889,-3.136549416220173,0
0.94291902630881408,2.7363050630639072,1
5.4743584310621429,4.2053028696833028,1
0.1844992333749409,6.6874130309354296,1
-1.2469775562505159,0.33941356042898141,0
6.8426471332511074,0.14219260877605988,1
1.5963233586106627,1.7182601889963625,1
3.2779237345962051,1.9429949932851887,1
-0.3083292667537445,-4.3157061318154035,0
6.0806699786163527,4.0681262560216238,1
-4.0309184431819585,-3.9500606098993387,0
-6.3625497005108862,-3.2097752641325825,0
-5.3322213156457217,-2.3998011634488874,0
4.515796307427542,6.6184867919539148,1
-3.0587197321831541,-3.1344602129536305,0
-3.8443758979868869,-1.8656115541339082,0
2.9276367213265004,0.40573155727616195,1
-3.7083536804666544,-4.4255948436878256,0
3.5941130461026023,5.2575361884807617,1
4.1831922523046909,2.3526827909665209,1
-4.9324099731654174,-2.8783224175920634,0
0.61834731228981443,6.3859030282948188,1
-1.3459426528972034,-4.3117455700576928,0
-2.2857680905355862,-3.8025545559217111,0
-6.0792212481356067,-3.0288614261641507,0
4.0006680007930733,0.98921129215670867,1
4.9309064616659075,4.8339970954856195,1
-0.84960341822059338,-3.9900724783467005,0
-4.3380030868779356,-1.2846707905059072,0
0.08878781949136183,-5.8744995504038222,0
5.4585450063436687,3.0424909703498324,1
0.64574861420078333,1.4700267401925819,1
2.1313360798811463,2.3842596822968547,1
-1.3581724626136908,0.057551559399762198,0
-1.8942649872808492,0.24783269413573406,0
0.22702712545737036,1.1949326835894947,1
1.5056560925408211,4.9124536418112026,1
0.98301791655049353,3.156846521681473,1
1.5661821855873026,2.4618632209124134,1
0.27143461890145915,7.0375543323580043,1
-2.3469282977029282,-5.3191820874459985,0
-3.229780133197802,-0.58008411618054811,0
-2.8403706059558509,-5.5980276930885147,0
4.4758950600769625,-0.94911442644665289,1
-3.7821748240923374,-4.8521701007111453,0
-3.2808043546298444,-5.4502323769012495,0
-0.99519623422449177,1.9279005504915681,0
5.1879884070563751,2.0257912179949029,1
-4.8835667731449615,-7.0386353155560162,0
-3.5543401582010032,-6.1865984343568519,0
-5.1442409565438005,-1.7424405631849533,0
3.7468256199918915,2.9147383162495388,1
-3.3444820576409287,-0.58385480765676157,0
-3.2335507464834485,-4.793969488944029,0
5.9611611704695324,4.5600763787995131,1
5.1852855809038658,3.3304726769067785,1
1.6074677509227384,1.3134571421936265,1
4.1567538880097743,1.6498878630134068,1
-2.4083548308439133,-1.528094438219191,0
-3.2368244707163734,3.1310613990210419,0
0.3803050692380272,-4.0628791674500153,0
4.4035991478170144,8.3202376504994007,1
2.5762051388657738,-1.4999252457053549,1
-1.8049337521264741,-1.1787927093215576,0
-3.6426184505580252,0.52048393583494024,0
3.9663615929678664,2.1058368726631733,1
4.0590538962377387,0.92943703829921054,1
3.6724688292987189,5.0466667666736642,1
-1.2971990410782377,0.65810832847617862,0
-4.0428135763320148,-4.8777634802922023,0
-0.08416725642621925,-0.88226258624704235,0
-3.0457267433467257,-3.7104167254560725,0
-6.4605523995090337,-3.1947098132720564,0
0.78415675659645734,5.5328813032433919,1
3.1744461878840768,0.6511583497144664,1
4.0695392963276351,5.31530618224485,1
-2.8489106621772335,-3.6513283905603355,0
-2.0645353694546555,-3.8408222700147721,0
-1.0649775477526449,0.67153034169702108,1
2.5300913329378387,3.0913921179898494,1
6.2594818169310091,5.871265331924727,1
-3.8215371873195512,-2.5107796562163061,0
4.074241117385335,1.5156559305149464,1
-1.6825060885831711,3.3672763666434933,1
2.7389589765423485,6.5002387320379,1
-1.3636927689814056,-6.1401740928266584,0
1.403139313423724,3.8498064321723779,1
-4.7937069852788836,-3.2924835981777898,0
-0.61170623930067869,-2.2575391016883422,0
-2.5978004520342766,-4.7275000018753932,0
-1.8617092819585368,-7.2875799455803323,0
1.0602197144113448,1.6960150272770469,1
-0.66111521566079468,-2.1583531167532444,0
0.91029810632636732,3.9161273652512985,1
0.71611702146746969,0.012724591754213144,1
4.9552973964797751,2.3914493523443849,1
-1.3131422457649184,-3.885178334226282,0
-0.63520930325556169,1.7749410764759508,1
-2.5387159689776304,-7.0096546689748847,0
2.4262169897682186,2.3035232914315769,1
2.7722003531259816,3.0689708766844799,1
-6.4627351132739026,-5.3703600174444803,0
3.8713591706117674,6.6549670329188766,1
-1.089091558368134,-4.0933680656452474,0
4.7341815523058326,1.8164322395878501,1
-4.7112253510351101,-0.27027932631489326,0
3.2516036184491375,4.4053541347368119,1
2.4895424487378497,3.8343867124517228,1
-4.8997766708329493,-4.1417865490589154,0
1.6900156370997277,3.0999056542964913,1
5.3568527041119509,3.3279389509533459,1
-1.1485122683693132,-1.4399898814032692,0
-2.5562760912939533,-3.0384213955775028,0
-4.7307919177005742,-5.5336167308176751,0
3.019130019072056,3.7655859719577975,1
6.2453202510153973,4.0718021203676527,1
0.20803343114389783,-0.54437285611083608,1
5.6194588285633138,-0.62273278227597872,1
-7.2126197402298331,-1.051586753522628,0
1.6053484989197773,3.6957329934078436,1
-2.3679724314953998,-7.1752142559594301,0
2.6464100708431824,1.7584675035406896,1
2.6267716986117615,8.7799198936308898,1
-5.7873748877235283,-2.6367435226064422,0
-0.25075249544098366,-3.1434867297933704,0
4.1195743248726115,0.46404106169557213,1
-4.6511438576514141,-0.46349972503925185,0
3.7886088110293157,1.8945623288759703,1
5.5174330144275787,0.80657184626241918,1
-1.4169633244803961,-0.71819127159842022,0
3.6849578088675972,-1.2931413674310601,1
-3.0886514833999632,0.094993104036302789,0
-0.65462829628839891,-2.9803641413093538,0
-5.1386774988637098,-2.5585696537386822,0
-5.629517445205817,-4.9058447916783923,0
3.0472776032202118,2.2661328697440704,1
4.0236507141359734,6.6661309261772352,1
1.305815070033346,4.9054449672217917,1
-1.2758812919987579,-3.1296382772193652,0
4.6743266433479569,0.73815913872281236,1
2.2059032820463571,-4.4832423811967494,0
-2.6405675928701511,0.13248143696682346,0
-4.0563948886787031,-2.3692639578498875,0
-0.39050172064007294,-2.0762230472771206,0
-0.62632162037947969,3.8039354355009851,1
6.3418272937241298,3.2855023378664288,1
0.64474508056483115,-3.7033061340477338,0
1.4206533406479664,2.7202250226666753,1
-0.33406025315417853,-5.8310757757897296,0
1.0480985901208915,3.2553159904417717,1
-3.5106912950359206,-3.3182534891847508,0
4.1624332564284581,4.8105348765661784,1
-1.7004737372460752,-0.10527847885778563,0
4.6377596701221862,5.6863019626304432,1
-0.29519770303323067,5.9944287849831541,1
1.2246422214379704,-2.3845956382104863,0
3.2757964548142819,6.3896605766217824,1
0.45189237278275085,2.0776300598017228,1
4.8207061329763983,0.66437966716913399,1
5.8370490598879403,4.3037631884291674,1
3.0987554971240701,6.4744335817116356,1
2.9023134320507804,4.6343408619003519,1
5.8561796238247776,-0.0068929850479917398,1
-3.8603808794740422,-2.6457556103921571,0
-5.9009937519729849,-7.3338756409505557,0
4.9489752863302172,8.1850774712276433,1
-3.6658126738433658,-3.7713838522946896,0
-2.1902909071855459,-3.6893309002675734,0
3.2664837366977975,2.3629295087690179,1
-3.2874122438078839,0.055505208919379712,0
5.7445094033283643,5.0531758710731856,1
4.9460826068958239,2.2588581975542086,1
4.9292521874915582,0.3959498571259914,1
-3.0126565237408323,-3.7229665629812221,0
-1.7735461575504896,-0.94802193695536907,0
-2.510898970694202,0.063985949028706024,0
3.6042234677249523,2.0959741426104621,1
0.79483208065458966,2.0028308363907392,1
-0.22723520083775739,-2.1916335333749988,0
-2.2308585468463447,-6.1878504219285873,0
-1.9914596432048715,-2.427090727475921,0
-5.0613963854754864,-1.8468502448196995,0
-0.39049590525791356,1.4755055512682762,1
-1.5995926748152465,-2.1742496663708679,0
0.20702610642265773,5.0341040758389601,1
-6.5007642592403876,-2.8858846295285905,0
-3.8993071064730573,-6.1107000281220101,0
2.8227790579827055,0.70733184820648587,1
3.9041758883782158,5.963512433132772,1
-1.7689729878365272,-4.0229942342409766,0
1.0821245865077243,-0.57839130150247309,1
0.0094689368235703064,-1.2529345964382672,0
-0.17269941506759556,1.9152662111129113,1
2.2185731761671357,-1.160682020254737,1
2.9213408638746987,6.0852293249385392,1
-3.6664149071462599,-3.6385596720067412,0
1.2456276371103459,0.57697115659698595,1
3.364535864357538,2.2960968973450386,1
-6.1753719081649336,-2.9277853261694058,0
-2.3310899836303101,-0.41419304636154575,0
2.3333259372784014,1.8957209923241465,1
1.432387324408396,1.3517196170495422,1
2.5240109395673205,1.7496467537433029,1
0.6549935931673696,3.6694388792826134,1
-0.013629650194725951,-4.2443468749449185,0
0.19057955466916754,2.63949068874952,1
2.0243311465328055,4.2042514381717302,1
-1.1974175950223369,-4.0652107900892442,0
5.514048460452015,-1.8495170158756435,1
8.6305709139744007,-1.0027262777179695,1
-6.3793507562163345,-7.9944325840187211,0
-7.7549942711549837,0.77899544868197346,0
2.6697678006178682,2.4781289889898961,1
1.8506712019092482,2.8908912573774557,1
3.7434749439547335,1.5406929713469431,1
-3.4634604080830043,-4.2992283292782183,0
-1.5840324732116322,0.34583562033629933,1
-1.7664351504603548,-3.6238697485659292,0
3.9147663893909104,3.0815186376238746,1
2.3799867594937298,4.2574674216482471,1
0.84759033279932261,0.54792943547847628,0
1.1119278024443731,0.32986107888740834,1
-3.6493543197145102,-2.6804353644324013,0
-1.9239016342692314,-1.7730038996190756,0
0.93447150430862047,2.1637569456460599,1
-3.4645197275368411,-5.3209119411857095,0
2.1623745257228482,3.4173627675942084,1
0.68356213436327629,-0.9484345004793564,0
-6.1673665127074058,-4.8501276237838189,0
-1.0682843379292146,4.7770170192033454,1
3.7103511312576671,-0.69412846751928869,1
-6.1813473088287347,-2.4220819905440196,0
4.3016608369001412,5.4710726231883271,1
-3.2262359509244734,-3.5999783478965677,0
6.7035451886465331,4.1457601391855539,1
-2.7047657064394715,-4.261962653491965,0
-3.3244046490380845,-0.40372416787878818,0
-1.1812155706237555,-3.4475549771164622,0
0.47473793466912761,3.585763180975627,1
2.5387305691332007,0.21626450165711653,1
-5.4265656809456946,-2.6124214064540912,0
-4.3690765246646661,-5.7172527209739119,0
1.7231226031593652,0.48174584936574272,1
3.4998137162287857,3.2178870274901223,1
1.7780630489272082,0.21723201946027704,1
3.8342545792878155,7.95610813109879,1
0.9457398872051237,0.52849005571405572,1
-0.52121209918943467,2.9662219800991663,1
0.88993980268812845,-2.8541281205826574,0
2.8113767599907278,3.4083730211506942,1
-0.92196400270723133,-4.513514961736341,0
-3.3366541610939437,-2.6861215216044219,0
-1.9617022702989968,-2.3097097430375313,0
-3.9758988803891637,-5.6157565859890637,0
4.8729758927136855,6.3549046562370499,1
-5.7767681154525317,-3.6208524831560345,0
0.93697176183743425,-2.5545350476406172,0
-2.3425017800582317,-6.375953969708573,0
6.032745442832379,1.9226354466015909,1
1.8649287160052099,3.8960653226748203,1
1.440433736540413,4.507771040201157,1
3.0211887790541123,-3.9770028563359539,0
-2.1925856263220282,-5.40984626946228,0
-3.0503834804985468,-2.7222550464601949,0
-4.57359982542628,-5.8295684294467556,0
1.0649970915000537,1.7523505425025367,1
0.7897057490663717,1.9245928331379689,1
-0.98116445877666125,-5.7169427394656047,0
-4.3017581740829218,-0.49670622877498305,0
-1.4991146481992874,-2.2761360194441078,0
-4.3428889263752222,-4.773441314822346,0
-4.7812336003239349,-2.7107493310559532,0
-5.6052878443552112,-5.0309425259982774,0
3.3422162591691484,3.9777888778292061,1
2.0001642337225434,2.7542748354253246,1
-8.1989268618714277,-3.4892330334634614,0
-2.1530798058179466,-4.379580415969107,0
7.4341841864832361,2.0778827487781166,1
-0.38205929580319431,6.5268430530426382,1
2.2647265189096708,6.7847620166684592,1
-0.67135389293685366,-5.4033068449578332,0
-2.8265427971537451,-4.5417631849542595,0
1.3181435313332603,-0.22164272665332607,1
-3.526179993435048,-2.5159925167219206,0
1.9874004310288,1.8510395057324343,1
-2.7240638204332495,0.33908350823417033,0
0.76008093363626594,1.1900664673963819,1
0.17741239669456776,-1.3764049298724119,0
1.2061852887353892,3.9741184830791272,1
-6.1735439531106113,-1.7812213183262968,0
-0.91396049474663155,-2.3937384086094151,0
1.5435748807991325,-0.15635882060478723,1
0.83148210551600155,-4.4139530104038958,0
2.5408977494734248,3.9319523646226693,1
0.12615017606610746,3.5989643075382309,1
7.6674603700748012,4.3412917374809599,1
-3.3159272810148952,-5.8720135220530612,0
0.4113665700906961,0.70904684421692821,1
5.4848360105576148,0.80107863794703604,1
-7.5435596192817096,-2.4973254901765114,0
4.4383230365327817,3.7284958110902044,1
-5.3335423555568156,-4.9467796751083704,0
3.6359384196460534,-2.936646248952175,1
1.9864013952128632,1.2496458768791385,1
-0.61562581304316044,-5.0608361055470148,0
-3.2948351072235278,-1.4996534295803157,0
-6.1990790824213562,-3.8108572576066528,0
0.35165915748656129,2.8631796104931371,1
3.0974685555658925,4.6006186744965216,1
-1.9520212951659552,-1.3966413920685077,0
5.1387851121671417,6.2486971685342043,1
5.1605950237871916,1.6769131258600354,1
-4.1807213054286612,-4.6282721490928509,0
-5.8365855362070107,-6.4285193768219688,0
5.2012743638127503,1.8755489595148347,1
-2.5416539211021134,-1.1631173015841476,0
5.8966646289774687,1.968593581048077,1
0.8709522237045304,0.27381638980628287,0
1.5924095085658694,-0.097620718363200076,1
3.4408348288159352,1.5395574527785127,1
2.9178714956673302,4.101989515942682,1
-2.5021066644819125,-2.2499285936761177,0
3.6345185985219297,4.0069534274897398,1
1.1083908287232616,4.0036703487475496,1
-4.5944687331388145,-1.6113618642433312,0
1.7247368503277989,5.5629067171236253,1
-5.6173864573573624,-6.2071508426989599,0
3.1621730332127402,-0.67170944226159213,0
2.8857013930665336,1.3283746093823854,1
1.0518378579029155,3.6537356151322502,1
-6.2166344303156897,1.7377876076433383,0
-5.1626724951557712,-2.1174789252289967,0
1.852333250150491,3.424446851889098,1
4.9925721463770936,2.2763490909595556,1
-6.8972928061431986,-1.6576309572221311,0
-3.7924477400704291,-6.6874168861895811,0
-2.4556500285682787,0.42594898616753341,0
1.2563168916672012,2.3955499833271792,1
5.1470700744482754,1.9214633084354984,1
5.5193975937267377,-1.0916673885942387,1
4.1675036342286562,2.7935981514440131,1
1.7712739489079008,5.8722581866288257,1
5.2386229063346192,-1.2013634767529089,1
-1.1847117397394438,-3.4548415745664234,0
1.6016707965901189,0.5031313640219568,1
-2.3144482357046181,6.3319551100015605,1
0.26028475501589465,-5.4706359682183763,0
8.4675600205799277,2.7186982358817358,1
-2.2596020729530921,-5.728017159880979,0
1.1294026084132134,3.1951914424536376,1
-5.6734085558538316,-0.70650520675854089,0
2.0593193727640604,9.3530219616261796,1
1.3127966915338825,1.842447583878863,1
5.3379094779338541,5.7730361406045869,1
-1.9942678333076933,-10.149481643350285,0
1.7553296844116573,1.1609142498746174,1
-4.4019321498423851,-0.31402618443813379,0
-0.26626259880571368,-6.040133144193284,0
3.2878894554956095,0.14219551473538994,1
-2.883387284718069,-2.6340447517997632,0
2.7510056465584514,6.5802372769250788,1
-1.7515138910950308,-11.435063678924065,0
0.9384986127366024,3.6111605961055231,1
-4.3546387097521233,-4.2815558863451848,0
-7.5901619300901064,-0.66463862041714972,0
1.8325054246548593,0.82117766534399861,1
1.6530638444852446,4.9701483073521953,1
2.5248392822285224,6.387599093020258,1
7.6700360429298238,1.1600355026508189,1
0.93690690750404748,1.7869938425617857,1
8.9824789465440311,3.1110103512408065,1
5.8319969351178038,2.7709061186460424,1
-4.5434759145803643,-4.4338014323750556,0
5.8450626279001563,-0.1583259246690556,1
-3.9677385740001223,-4.6445906379926774,0
5.3481634715285207,1.2142492684710753,1
5.3247914348791223,2.623504707034467,1
-3.4371643210321872,-1.73479283160982,0
2.7420211410693276,-1.2458081473371667,1
-2.4874977373775535,-0.4603748310662148,0
-3.5205351380509327,-5.9137056528446266,0
-0.89223348819241011,-1.392400023055377,0
4.2393893381911214,4.0884847833402871,1
3.0945523406025286,4.2561889113773574,1
-1.6009343838381254,6.4915129256565205,1
-4.7588271327068714,-4.0535948006618909,0
-3.6716109794985043,-0.99363259710947593,0
2.868130195003372,1.9046254245974628,1
-4.9060021133144218,-3.8437058879482344,0
-1.5543231901812642,-5.6032730891268123,0
5.1029567466768189,3.5992572645418042,1
-2.2896203761656673,-2.3125253064111027,0
0.82468698120057615,-2.3108837005546059,0
-0.34081718339277911,0.44698782778896895,1
2.0981532766071269,2.795711718751376,1
-0.72768305343453088,2.1542291548131574,1
-1.3828209495349757,8.6473123160998711,1
-2.6087393250912325,-2.7937947622463484,0
-2.5784582704787575,-4.415865028620952,0
1.0439334901012378,3.4605491199815175,1
1.1246968624892448,0.18704920883341769,1
-9.5474086701119916,-4.1874281249370817,0
2.168068118541878,2.2466810727411515,1
5.4168002562412898,1.8991353280521572,1
3.224468340530406,3.4717729689933003,1
4.1455381201642609,6.3663189182729685,1
5.3990371649805713,4.4154852178148642,1
6.5646761292154086,0.69570618527451611,1
-1.1122132104733504,-3.2272043868801243,0
-3.3995026340005676,-0.71602632511714637,0
-1.2390051979026309,-3.0077141085546493,0
5.0970825875176375,4.5950745134695818,1
-5.3592586911479003,-2.4650699930735587,0
2.4876354032772934,3.712477513095922,1
-2.3652101981941365,-0.16607181452769781,0
-1.9900006264564951,-3.8375595539513747,0
-3.1938143867686399,-2.7914333516874255,0
4.5448855067580682,3.4529190383928174,1
1.0213098131063347,-5.4760261243106267,0
4.7894474795376007,4.3517896634621422,1
-6.0032375222480896,-3.9626540304779829,0
4.0214655838585491,7.1309327878966329,1
-1.0553110750734251,-1.9074124100938572,0
5.4082250518881541,2.9427825454450343,1
5.371279707016285,-1.6017457295086288,1
0.63033141536577375,3.988975653073711,1
3.2283040906286198,4.1999945209922567,1
-4.6625148627751827,-5.0610405979003961,0
-5.0971097429843173,-1.2068687774143445,0
4.2499153411908246,-1.2091428349764559,1
-8.4153832513797298,-5.6710020753510371,0
3.5980826733729958,6.3569414112098883,1
7.2019850844751181,-0.76360698287821061,1
2.2272769218142137,-0.70609849059798213,1
-3.1389888897805953,-4.3340692544226584,0
4.0723269776600528,2.3657969735631879,1
4.621902979218234,1.5045241639382245,1
-2.6015220573582321,1.8816241485490472,0
-5.4037596130188312,-2.0637453223581197,0
-4.2164167992150254,-3.0985191907023601,0
1.4608547171794064,3.1713906063566473,1
3.4789830093928082,4.253813380312887,1
-4.9400500634417419,3.8558665700251176,0
-4.3957851315286351,-0.23934539462518289,0
4.0327989347770847,1.3694882405140647,1
3.1156968860848049,2.6182339759183528,1
-3.6063892441559511,-6.4780649766323668,0
3.2633827175667398,1.5609104104099578,1
-3.6444232830361085,-3.2091929567543924,0
-5.2702948975670125,-0.49747241200410341,0
2.4043810254252351,-4.939613319073576,0
-5.4433037568116802,-1.2212435166404856,0
2.2117000809870229,2.5096429776949138,1
-9.9459802486786959,-5.5542133962965066,0
1.1561217007687459,-5.3577829114724231,0
-1.6718437564950417,5.0332010780116576,1
-1.3014488894854093,-3.8087594851006754,0
-1.0719589178500455,-2.7404804446938416,0
0.13609309320893459,0.80105792188334979,1
4.7764133713549306,2.7048384862291006,1
-0.41828737748003197,0.27833907527387991,1
2.4189119783701889,6.7700549509772721,1
1.2099883888881147,0.61517207490727799,1
-2.876200152520723,-2.0784774674222253,0
1.055288545725479,-2.7836565241704121,0
1.4038387417556295,6.396514672175913,1
-5.3568218993392236,-4.4855458689955867,0
-1.1697275614150129,-1.5528105921654487,0
8.9506374000647213,2.2133167515364085,1
4.951906544957188,4.559356835131779,1
-3.7163523877069542,-7.2576700882435796,0
2.2182650963179817,2.6913146630736859,1
4.6600989647434208,2.6311903133846339,1
-0.82196389335839548,-1.2823577231715695,0
4.778026946902342,4.3886080995397769,1
-5.5268816989759246,-2.3583479125223832,0
2.9539908157597625,2.2239200632337934,1
-1.7729378883713998,-2.9460331599451663,0
-4.3589493623574418,-8.1327245384099314,0
-2.402764217472511,-5.6236388797522192,0
7.6779444901024432,0.20591760061899844,1
0.84157037716556893,7.8385180026661088,1
1.883219325533029,4.1785051135267359,1
-3.504455759167902,-6.5165535604633531,0
4.1494978458111262,7.7245693237951913,1
-4.4874205081868448,-2.213999588496292,0
-1.6510227660307535,-1.7414304349476875,0
-6.479720215564762,-2.5927013205519618,0
6.4383469895413272,4.7198428448144751,1
-3.7736993795899445,-3.7967203067345738,0
1.0387374254235835,5.3706171084172816,1
-4.9927622417068882,-1.202743413819662,0
-1.9740400253757917,-5.3320023127418636,0
2.525232570128741,5.6227366715932998,1
-3.2248974194608628,-1.9441074672574152,0
4.5420462178858863,1.4197516143451123,1
0.049794098895913574,-1.7784231719217709,0
-4.7677119336770026,-2.6827515315514456,0
-9.5651972023229526,-2.7413722922190615,0
1.0705638474264083,1.349636966324806,1
-0.75856932139252908,-3.3406395453025759,0
-2.3276476446149674,-3.2371847692357574,0
1.9648050622838182,1.5725379146235681,1
-5.4985611632764124,-1.5110628676425981,0
4.3800119612417205,2.6573488326053267,1
-1.2718907563552593,-5.484796892014602,0
4.4733660253834469,1.7781774483278268,1
6.6170639082665801,0.49868264848240118,1
-6.7793125253435758,-4.6282935822225406,0
1.3847275691437655,0.34706214400184443,1
3.2758915123851859,1.8243754865242154,1
2.7147441732438953,2.9114823520319475,1
0.49258541600813999,2.9021106847635085,1
-2.4754182102042792,-1.4962914837898715,0
6.2493329311543739,-0.022508244854689163,1
1.0954384645682933,1.8761291627560071,1
3.7676526884591754,5.4097712858882883,1
-1.0478183995151178,-5.8630478983608931,0
2.9555492465464459,-0.57702953682847324,1
0.27101479003384776,-2.3780906828266204,0
4.9235107722806681,6.3369245477277101,1
5.5340916425840856,1.2459273543675211,1
-4.3345470711386991,-4.4991462841230572,0
-2.2644015459940707,-3.5781857887948494,0
5.6930708281142657,0.66224357410078261,1
-0.10000900497971132,-3.7729472738368428,0
-1.2005982385668028,-1.0931964520869055,0
-3.3568860403550964,-5.3030775003241075,0
5.3402726748799196,5.6692719246606451,1
4.5858014337617092,2.9645910550861911,1
-0.61426110981172188,-2.8934005323376084,0
2.9218142249616168,3.2223849543898959,1
1.7388910902073471,2.4920663013806132,1
6.4387246419783084,2.9589901772758713,1
0.99297225836992098,4.7388522062598435,1
-1.5034728972876799,2.5608391075247248,0
-2.2408337425427547,-5.8742001721027126,0
-5.4033318260003647,0.64595994798309908,0
7.94027997454047,3.0233408501539256,1
-1.1442265785284544,-6.2006949115901175,0
-0.48621699726885037,5.1066625661980369,1
2.2290038189395354,2.4343824811126975,1
6.0707249779051864,4.0189631043076774,1
8.9440871786174689,2.1127373225479791,1
-4.0405223130641037,-6.9080324167364857,0
-8.6928157506479877,-3.7616605112713586,0
-1.5270241124528632,-4.2556812136075592,0
-2.2895559378686228,-1.7812926816239136,0
-0.091582225119073435,-3.7757397616459598,0
1.0466410024634556,0.33235142906721249,1
3.5127039321791491,1.4983065529102257,1
-2.1187940174320237,-2.1830806771325673,0
-3.0459848360654886,-3.8126453500892952,0
4.1164117430446545,4.978795149295971,1
-0.25747440383893405,-0.33194615409967554,0
0.5563162647754285,-4.2953750945608187,0
1.6025524814681633,4.2625729911806012,1
-4.6698550571009125,-1.696636007766946,0
-4.743144128637784,-0.16302995823054811,0
1.4818193956081014,7.6042759170029939,1
-2.3647746934918974,-5.9820991555925076,0
-1.8142762751475914,2.4547317823550698,1
4.3432788633664199,8.110163493293296,1
4.7975584055602596,3.6852952039086899,1
-3.4384570919633139,-3.8026604072784798,0
0.77681166273002411,6.9104559042223705,1
-1.2225695372821153,-4.0743097802764732,0
-1.2375150282094671,-5.4188708938885952,0
-0.25625307113340501,-2.1565217233496914,0
4.6674618794663534,3.0062685245610696,1
0.85649077760142944,5.3926724016040897,1
-8.1278212053158718,-2.3810117666149782,0
4.4188486781543723,5.244336905599182,1
0.33541905228787305,-0.35532421923183977,1
3.9832110402692344,3.1763149632671674,1
-5.276003316354843,-2.0251486445729383,0
3.2822024589738126,4.5608062223187247,1
4.0019128738723717,5.3325465307159838,1
-5.5630013474680329,-3.4112789768431648,0
-2.8903105488766023,1.4774859346722247,0
-3.8535052507382712,-2.3961548969634832,0
-3.8541830927935563,2.707393628133385,0
1.3630719132366629,-5.0046935593936812,0
4.6781698249712802,4.5260063371085515,1
-0.024633246131019693,2.6119892423963527,1
-7.3267012811775958,-3.5365147072279886,0
1.3443249432614637,1.9851554370103894,1
7.7524666410512273,3.1079182970192276,1
-2.4142327229363656,-1.3893610506101837,0
-2.9188172659886198,-5.7998968637006332,0
4.547793677248773,5.0406991931974048,1
-5.1801665443786646,-4.3873217425362485,0
-1.2333892731313367,-0.03633407171331049,0
4.9953341169906089,5.0622364254731238,1
-3.5208873957822799,-1.7308717198322003,0
-4.1078577493356168,-7.113735860748875,0
3.712617330224532,5.969910876615721,1
1.8359308982725666,3.2992276121965816,1
-0.75734032749601665,2.7269311100621039,1
-3.0220452566495739,-2.0134454785028297,0
-2.6399716414360221,-4.3092822535252999,0
-3.5777621818839083,-4.7311589622534278,0
-3.0916449435101452,-4.2421891442964412,0
0.97051252838187896,3.5730264581897577,1
-4.4792216257997932,-0.90916466421667597,0
0.26515868986095725,3.1268120634934649,1
-0.5070083436434647,-2.0847505564339732,0
1.0631902054410018,2.4150237338989009,1
1.9088516954686965,4.3232830075031234,1
6.0937365482115098,1.5477948045947996,1
-4.3447296307729584,-3.5943487635915239,0
5.322651220150652,2.2815455344784086,1
7.581468575103214,4.5812771336816818,1
-2.3255231142156449,-2.047200777386454,0
-5.9928260968465583,-2.1922120609067868,0
3.3060413460026297,2.2010044362644154,1
3.4510243446794675,6.0343174501777899,1
0.13555947512032729,-0.42815145218499895,0
3.2850489711819417,4.7707834781719587,1
-3.9768672732520329,-1.8375985519928359,0
-3.0008366291065793,-7.7686594320705415,0
0.89035564355166663,6.9163313380416565,1
-4.9899653848319865,-3.4204187583626235,0
4.1563300559454408,2.142362491002598,1
-5.8808638125351349,-2.1164802140232668,0
-5.601162448678628,-3.0504626056537392,0
2.0251509925957309,4.1370448787315244,1
2.9088407732383512,1.2001192983497413,1
-1.2116265707556577,-2.2916554642545854,0
-3.1840202366283314,2.212439280019896,1
1.6359883058042242,2.2825925784226335,1
-2.2970886592389932,-4.9085663112661502,0
-6.738587541485348,-0.80645023969996421,0
1.1161629217809876,3.1438353980899176,1
-2.2337183549561574,-4.7013594737785658,0
-2.6571832796121568,-1.9092793301218867,0
-0.04990391253981219,-1.5107374690091078,1
-4.6688895584891323,-3.4558029952014127,0
-4.1845049832133761,-7.6467016549643354,0
-1.315642190217682,2.6446548876739304,1
-3.1689860055661252,-2.812935072178655,0
-1.5114214076595598,0.81021121379586791,1
4.3671527660982496,5.2637389431352233,1
-1.0046968114191517,-4.1479768003755844,0
4.9530457670187609,0.88210836037198126,1
-3.0657894189965571,-2.0773371843856809,0
4.5533760614714121,3.8900995347099943,1
0.66322899886323405,6.0259068008333108,1
-1.5173430772852667,0.62748204306438282,0
-3.3560379458868503,-1.7906325073119147,0
-5.3238086347025737,-2.4730346485191852,0
0.51126027330106671,4.0283177028232915,1
-2.5497404493286111,-4.9862844445872243,0
-1.4752384320273393,-2.6074583978853636,0
-4.760216482857869,-1.7024445979206324,0
1.5190398310566826,1.5913596602029099,1
-5.1078135213928801,-2.2708621024258253,0
-3.1692737586302431,-2.548058473450459,0
-4.2212705984998067,-2.2960389111927286,0
3.6094584532283522,1.5130209113117474,1
2.4601925543271652,1.4674130913317374,1
-1.1133564122530182,-0.39528495369471006,0
2.942132719633916,2.0387691281746569,1
2.9774071658318628,3.8613048564535806,1
5.3678128862233647,3.7550187937563884,1
-2.2405865750369958,-2.0524184481028662,0
4.6112522381896701,2.1570738632495883,1
-1.8120861687080818,-2.8008646435722495,0
0.64751535811318028,3.3173465763398546,1
5.5215372761190853,4.4606018490955117,1
-0.24305206143969693,-5.2165279425535447,0
-1.9531872147890512,-1.8221383015479529,0
3.2543499418821185,0.82354664125952581,1
4.0395298086039064,4.8473840487110831,1
7.0075118810921886,3.9193441718861903,1
2.8653681295077473,-0.59902055266167054,1
2.6419877651930657,7.244037686450711,1
4.7924333468208804,3.2795565954299608,1
-5.0175494999883288,-2.998012974089197,0
-0.10059516222561582,4.5975395356116717,1
2.6867000490000312,5.5122127681852646,1
-2.3443542089699658,-2.7622023703600993,0
0.34289103284714972,-0.41999069535556455,1
-0.57151402230822779,5.2915819666642046,1
5.6523310011853205,5.6814857665279703,1
-0.098062380259843707,-1.9635435495074369,0
4.3701411276319408,-0.30751383311633429,1
3.4782865061709569,3.382470268117276,1
-4.6682815175568013,-4.8297787271707726,0
4.8898322610455089,-0.79614690515847464,1
-6.9545127314607402,-5.155243580317908,0
-1.3227452670369229,-0.88534815239364173,0
4.4055305201568586,3.4923898332597503,1
2.7437490318295339,2.5687387924150147,1
0.47865743463024746,2.6089208624367384,1
-5.2161575412754306,-2.9514687404899269,0
3.2620547386002365,3.3884064396820013,1
-4.431670261890404,-1.3625235858658815,0
3.4172141879118501,3.6879822591613802,1
-4.2387891430058389,-1.7367928034653068,0
6.32359417721191,2.6067332529788207,1
1.8110109094841227,2.0510606280108563,1
-0.34096989793197396,-6.809241500658846,0
4.0974839402276828,0.75650693859283136,1
0.32175105712211982,5.2273591711165857,1
4.0861104534028065,2.3391898439381804,1
4.6822640038292098,0.68603951855910461,1
1.8136374228900847,2.6292440487699111,1
2.9616821375341367,-0.29938332254570721,1
-8.6037425125995917,-4.9183817187021939,0
3.2985078650528941,5.8567836639534114,1
-0.50650832491323161,-2.6064052892656888,0
6.2446621450115156,2.6097033251934034,1
-3.7380474972688593,-0.86901205843508311,0
-4.4837098088716525,-4.371644008112642,0
2.3337544789622635,6.397075571658176,1
5.6026568765453053,1.7013398376284343,1
0.6862467236445835,7.0530413292481775,1
-2.1503170170353707,-2.6123329179510293,0
-3.8654187144888779,-3.2229675711118433,0
-2.5458529540692765,-3.6906573996792282,0
-4.6873498454722231,0.77695908496554633,0
0.54075299752883099,-0.047583078046285809,0
-3.8832689333990302,-4.9665317055514233,0
-2.2401981559172008,0.11292037664085708,0
2.7762555734356815,4.9253230045967982,1
-3.7863637637511438,-3.6773555779230156,0
-3.1380636346771831,-4.1338207791395343,0
0.5646431959566045,-5.4495499413716662,0
-1.968272811213029,3.1340969023618879,1
1.8972556528625024,3.7180719082943172,1
-1.0178324408199222,1.9444820332151285,1
1.2246881591695473,3.7954406683163695,1
-2.647837571836182,-0.24051523248508522,1
3.3156582735674944,0.4206589656231059,1
3.6413515849344775,5.2758647821691653,1
0.19439745842875666,1.9360909508121233,1
-4.7984820975383409,-3.6484192318552648,0
-3.4573261869890537,-5.3319061662663669,0
-0.082299029650005462,-6.262228090080173,0
5.6449795824557301,4.3450180776167517,1
-5.4895657547427774,-6.1333092798002511,0
1.2145831883352247,4.5193524619783512,1
1.9217649749725723,4.5155059854369108,1
-1.5049098611458747,-1.6928779385997133,0
-3.7255411274397843,-5.7307384256976395,0
-3.2027512938317857,-3.0111716869229128,0
-4.417354490500168,-2.3372763230138438,0
4.6649825476387701,0.98364327233989313,1
-1.538226586266443,-3.1152093446032283,0
0.81909284101380875,0.40366288274149076,1
0.83556289825664587,-3.1221609309564928,0
0.46075482509525978,0.73377090484684837,1
3.6508594938943011,3.047042582312701,1
-1.2020247903667576,-4.1274237922339312,0
3.8861117675468284,-0.0029782903978921027,1
-3.4783126980653885,-1.1770149002459074,0
-4.1977931318529453,-2.191448876894623,0
-0.56979832190115864,1.310284069168099,1
-0.85922070242155302,-3.2545458155283029,0
-7.8582883791429774,-4.7356415272973216,0
-0.24662440035772715,3.1818588916726682,1
1.0285780396546436,-0.059338584588057852,0
-3.5898482586284652,-4.0360242720078805,0
-0.72965981761043253,-3.3304278120941508,0
-8.0680942009351835,-3.8002719011241712,0
2.8238968579576667,8.579019091276896,1
5.4686682008167873,3.8103917338995781,1
-0.26023526888487636,-0.96711128817456427,1
-4.4855140760587791,-3.5142311365196965,0
-0.88648373822506255,-4.6544371915218239,0
-3.4775003046234687,-1.5128670677246705,0
6.2632987555538211,1.6913738696084817,1
2.3590283296065695,4.1572653444485326,1
-5.8908820551873475,-4.6828037482300484,0
1.5632824235039022,-4.8188613622649905,0
-3.5753639740224568,-1.6481338688522749,0
3.9011399823126807,2.4648210208832899,1
4.4618981938440481,1.6270647436159467,1
-4.0656631313402425,0.10585364312440548,0
4.895775145817483,1.8104227217648696,1
-2.1979851400327606,-0.042895200248987742,0
7.397640022306704,2.0333122680461546,1
-1.8209267786177481,5.6250060874365548,1
-2.0996031050185842,-3.7278807626765436,0
-1.4117412054529563,-4.9582551541556317,0
7.1690534352273954,1.9186105495371091,1
2.2720526978930264,6.7155268528440475,1
1.3881812820107644,2.3971462481409063,1
-0.71196487529751362,-0.061573014922915448,0
2.3926004504245655,2.7408670485531625,1
-1.5595461996867004,-3.5141446591002317,0
-5.7069892530010087,-3.6457547057261408,0
-0.80958106225957804,-8.373442849088871,0
4.232181699431651,1.053448489463118,1
6.2860434484472201,0.69688928486153712,1
-5.6737853802293312,-2.8947723070685831,0
-0.50886693524710225,-2.2472403984812885,0
3.3986177062016738,0.70719488882435044,1
5.0270636500665216,1.4628684619660339,1
-2.6657189113960729,-3.0561276348509714,0
-5.647768267047911,-4.4796119319657333,0
-4.207172462127363,-2.7618055932692691,0
5.4939262623478662,5.7918108845850416,1
3.6570080742856863,1.9347476091611269,1
3.4586564662506603,6.3509266044006658,1
-2.9801854690964591,-3.4411313951794806,0
1.1382972221193484,-5.1469631714063606,0
1.173269476271976,4.0993413918330095,1
5.9664523895739112,3.1203301080683965,1
-5.2575748897124726,-3.4677308046457473,0
7.8000909763851363,4.7703019518274683,1
-6.0852251357999316,-4.4460858889973913,0
5.2340687126407248,2.140925389732744,1
1.264240197870051,-2.2006792128728567,0
0.48846091178652262,-5.634279461907882,0
-1.2388991979875006,-1.1125826918679367,0
-1.1082504531902693,-3.4994251359506463,0
0.62730058109619335,7.1433893644236122,1
7.78927303289516,0.25857680497529012,1
0.40754103665301855,4.7895704197884408,1
-3.6059184515828173,-4.0271199090545773,0
3.8380014738722528,2.1806212498953434,1
0.9218062404063958,8.3724792647291544,1
-0.87091952417857721,-4.9186515519671046,0
-2.5243473176819857,-1.2491986514111693,0
-3.3765759235591082,-5.9052333900499701,0
-4.9417772748650766,-2.0487891466151464,0
-4.3650896399587582,-3.4154032000389023,0
1.6487338100594824,1.9889258045653497,1
-0.71838474452269407,0.12309973813588559,1
6.721024360522363,4.1443999843638366,1
-7.4398817039932741,-6.4568181955804294,0
-3.3673738774457855,-5.4023528556357041,0
-4.5449980392393101,-6.2353298895999689,0
3.915784697931473,4.69169615670108,1
-2.134474199649905,-2.2358265967971152,0
1.5082864180258484,2.2657482514315537,1
2.5526931752179673,1.6247915528299552,1
1.9360959446009576,3.3612716214944465,1
-1.8329330831673563,-3.3327418489967227,0
6.3178116871215861,3.2415422714949944,1
0.26023336098934813,1.3832708490414154,0
0.85340671897659792,2.5396161868002927,1
1.9272625884091903,0.54749689385200817,1
-5.5808057668909248,0.17700503112320387,0
-4.5945578889204981,-3.7714401519929193,0
0.80932772325477753,0.18872787074648789,1
-5.3167311817326901,-6.3963373319462029,0
4.1541865434391942,2.791363339013925,1
1.362976111220263,0.36026258673138667,1
-0.57821875049207971,-3.6690117144863317,0
-7.5132275757803173,1.3748226788096449,0
2.6132232665790465,2.2173289640262897,1
3.1279668595742511,1.714682279001398,1
6.3077012878974639,4.2734941659196046,1
2.3950081149836544,1.5649212672843018,1
0.87291695094507027,1.8704682320166353,1
-5.7048071917924599,-6.8751118521946157,0
2.8044224891595282,1.7202340724566105,1
-1.4044219106500739,-1.4708556294695334,0
-1.5692472643702566,-1.3131798491139077,0
-3.851010018382933,-2.8969329818157052,0
4.5434775936686478,-1.3584946663001922,1
-3.5759875968252404,-6.0570913493295455,0
3.7782973486436267,6.0024485114765325,1
2.5818176340532872,5.3715723396208261,1
3.1117784593485336,5.466796464168314,1
3.9207868570695541,2.3246637400884231,1
-5.401844434444067,0.12880471652735004,0
-5.8663109590453626,-6.7176930902657634,0
-7.2103103656174756,-4.5203727893084045,0
-3.6330868929935325,0.67442231358293236,0
2.6868012899650733,-0.14932440118550527,1
5.1991009845648826,2.9179190314458441,1
-4.056738170560668,-1.6889099807535803,0
-4.3187294821437643,-0.91103110804335241,0
-2.0795661390527389,-0.66886923847382063,0
-3.3710379216461415,-1.9436647237202456,0
-4.7971990489737966,-0.58468118275713987,0
-5.9668861731337826,-2.3204812855761507,0
3.1333785466720845,3.5893377145499645,1
-2.3719339876120489,-3.2327913699622139,0
2.0353741202109648,3.2031958370716298,1
-3.4250963691515346,0.39083562098960556,0
8.6153878366786678,0.64715046274331156,1
1.6684119892248663,4.8685135601628016,1
1.1081965783862673,5.8798386833162812,1
1.7901564700152357,-2.1722228129888475,1
-4.0183167413442593,-1.4221083747544712,0
-7.5280148767779593,-3.09169862834207,0
2.2286752111309398,5.7732967870818417,1
2.388788133221984,5.7566775060764801,1
2.1367229563893151,6.3564451029682019,1
5.9041027822456034,2.2193657672219009,1
-2.4156017432389003,-3.0400632186392786,0
6.6846260746944761,2.3091832060163004,1
4.3225890807377425,2.5242733090255611,1
1.3713695509163806,5.2748025137663053,1
-2.5353105181345419,-5.736060777587717,0
-0.2055293339911981,-1.3215314152627875,0
-0.81641902844893544,-3.794455351004701,0
-6.8458371971796677,-0.27344025091753155,0
2.3296672255767756,3.6634057853149957,1
-4.5219835028785473,0.53196735980987819,0
-3.926255887219321,-8.6061174396499478,0
-5.2898218028701542,-1.5454178182087213,0
-2.0145497605660285,-2.2341123024882537,0
-2.369734029129233,-2.595768267819532,0
1.8889658001850165,3.2175485607883094,1
-6.1404606481404898,-7.8447666462529648,0
-2.435126244987257,-4.3192263274505009,0
-0.21571443493449083,-4.1468573851804917,0
-2.9309338542798931,-6.9404012198477627,0
3.12828525715297,4.5327405870723512,1
0.013788021804725048,-3.8142300771461133,0
-3.849172601151865,-2.0952630860521424,0
-2.5485155102800783,-3.0868377861246916,0
2.1779483298808469,1.4350168532731591,1
3.5204647859013756,-0.39067393839580555,1
2.8578260062649274,3.2221508630085185,1
-4.2170000830338381,-3.7072686509352426,0
0.11596909421118307,6.9974227112836793,1
-1.3305631503849509,-2.6465163248129802,0
3.7911887554359893,4.0836125670956926,1
-0.25018688315036508,-5.471675991946066,0
-4.7473172764431055,-5.9905111449779644,0
-0.13313411442191958,4.3921617541835873,1
-5.0571682347530142,-1.4905098476383354,0
-3.143173079179542,-3.4106760529719855,0
-4.4620052162935657,-3.2898248957477896,0
3.6206718470975043,5.5621556597622401,1
3.979710377172621,1.345645499096235,1
-5.8680909010379558,-4.3095706519982446,0
2.2041956244956342,3.1138746104009218,1
6.565567694306889,3.2023322363652071,1
2.1936680209966175,3.9863887535233951,1
-2.6597795978417444,-4.4215618747746328,0
3.3608912969204217,0.71081064093555524,1
2.7971337692492697,5.6566447272897911,1
4.288827376337002,6.5620080161122942,1
-1.0023334879938406,-0.96969966958258702,0
2.2531118375931216,7.7494551143026955,1
6.9791098561048575,1.7084741047227994,1
-4.6995431214803158,-2.5892067572687076,0
-1.4669738738288487,4.5414340082721125,1
-4.5278034945457071,-1.245131721791882,0
4.1848081126129468,2.8663273879066646,1
0.46422630666597753,4.3481399925130209,1
7.2513836760663075,7.9298638249891225,1
4.2865122910310678,2.7130267176961884,1
5.4098727514805756,3.1642166540387624,1
4.7946167705071909,-0.49481690611182438,1
-3.6242017422473247,-2.3706114809055512,0
2.2976114251214002,-3.0631983519124022,0
-3.0986896261143921,0.90162353138149065,0
-1.3488659308149309,-2.2075989386177803,0
-4.2857361382813686,-3.4836089697571784,0
2.2286205031819009,6.043727340482727,1
2.8426071059902576,2.0822132336401169,1
-2.3794008857821423,-1.2940616269778125,0
-3.7517956159655315,-0.65977093743271675,0
-1.5420593870862014,-3.0414540467822255,0
-2.1875902637882625,0.42237989471286719,0
-4.0235060612493889,-2.5076287356070099,0
-3.9849168480172095,-1.278628245949937,0
5.4233746092038224,0.36043760051279294,1
1.5659684597707826,2.5009506093690992,1
-5.0767353565074114,-5.5132975671486655,0
5.3917612287205703,6.0025702304884483,1
-1.1120689304807707,-0.75925814591438456,0
-4.6897315306161182,-1.812038797844467,0
0.2027003252800097,1.8169293516484848,1
3.1331698553158618,5.88827907091048,1
-1.6976919123894965,-2.1896016401496827,0
3.4808573175156021,5.3695651343846063,1
-0.35520088257492555,-0.81748631391066073,0
4.5665092872606268,2.3840337171647619,1
2.6966961651232793,2.0669204817123568,1
-0.90400272540532045,-2.5108157179187209,0
-1.5715691347777963,2.4902358464416929,1
-5.3389831947757376,-4.4668718333582458,0
-0.20177029184264583,1.9528946711074446,1
-5.8868275830790529,-2.7722277010024148,0
4.0445775928871051,4.1043044394463273,1
2.4389488772001955,4.2826319075904804,1
-4.070019820340562,-2.9295469145707869,0
1.7498920723750104,4.4569283589717372,1
-2.4086592335511221,-3.7019527529915117,0
-8.7893595384457264,-0.62645061701992777,0
-3.3843070686598749,-5.1283247523206592,0
0.083402461723940835,-0.84740807273622076,0
1.8747027653181376,4.9392903062294868,1
-0.41457590826970714,-6.3313122283320933,0
2.4404392856124044,2.1486483480796825,1
-0.87393399535145022,-3.2888466460534223,0
-1.7766569110500461,0.94388517546654027,0
-3.2695377231377218,-3.0385657857931654,0
-4.8442276850158521,-6.5293904724365319,0
-6.8921774912087965,-1.039863496498953,0
-4.3936840668731652,-2.9075923009428108,0
3.8294725764289534,5.8083264385170263,1
-4.5479385931775411,-6.7967088826143787,0
-5.3832862701140201,-3.7739506997461261,0
-1.2612944088144322,-2.5948028431043673,0
-2.6347607783285425,-5.890444601341426,0
-1.5900253835483102,-4.2095467437642498,0
4.3381965762044636,4.8270141294492674,1
1.5134293441638818,0.21390144754344131,1
-5.8010808335621045,0.15179093778904207,0
-2.4753524802550833,-4.8558231411865984,0
-3.2293653080216642,0.24064317300388183,0
2.6601652394471258,3.2951542421100561,1
-0.27165154035176142,6.5646176222294788,1
-2.5134956590109865,-4.5121008457244551,0
-6.5892231654779039,-1.3691251532671143,0
4.6148990526902809,7.2933297512250883,1
2.3338937057330398,-1.3898525631868628,1
2.7319556580401194,3.7825031767034991,1
0.74938003568038836,-4.9590851557733844,0
3.2263735831827844,6.1707886217048342,1
5.0142692976491094,0.0023946477176179926,1
-2.4060703478283929,-4.4758416564632073,0
5.8712243868621874,3.5398616045754756,1
-2.6247297233108595,-4.0089141953558727,0
1.5698688452496989,3.4726337802909857,1
1.9421472042730459,3.6889665328947414,1
4.7591864200505754,-0.048268735905051319,1
-2.4768823305719425,-1.9114068826700712,0
-3.9804417386039437,-3.3322707716576105,0
-1.0644312704173648,-2.0219974423227742,0
5.7014013969247781,6.1168694613805323,1
-3.1889957927329164,-1.2403388693700454,0
0.65986296494724561,4.5447832274671871,1
-3.227254114399718,-4.5326949305996482,0
0.72759562804564393,2.9968069658564849,1
5.5880858059472551,3.6735727469772366,1
-3.1728314256066694,-3.081326653015442,0
3.4753090766890109,3.7282159936768369,1
0.92450409101943798,-4.5670249959983078,0
-3.5441557825590913,-3.7085347091241414,0
0.38744589554349895,4.2753087090163744,1
-0.86584691077145415,-1.7825451200907683,0
-5.7859415719690084,-4.6373995828208683,0
1.4707648506536934,5.8061597330367789,1
5.288888218036071,1.6738469142597834,1
-6.2780027287487172,-4.2705956251312838,0
7.1654853426221319,1.1665343991935933,1
0.44819047744839757,6.5817329126603878,1
2.3381259140756172,1.461302062070627,1
-0.3322284085034295,3.35580367439076,1
2.6849613690986618,2.2810886757065729,1
-5.8569797055436972,-1.5903570528452524,0
1.1880209493083678,0.8065138631430826,1
-2.2707367234032012,-2.7013705962393662,0
2.783709502946575,4.1461104901894013,1
2.6678077063718226,0.048862461237877408,1
2.9873519712801135,3.8220924088144352,1
-4.6819801179799239,-0.4952769926629399,0
0.99368176342916081,-0.43265305048872271,1
-3.7338070793584164,4.223415531753119,1
-5.2467725245913037,-2.1783205845188855,0
-0.69447938170042001,-6.8870041438647123,0
-3.4934134606739775,-4.1840661027616699,0
-2.4172141641276101,-3.0568974578335375,0
1.2828365315795036,0.67580192803101724,1
-4.5664747899901448,-0.0075160312785382821,0
-5.4646350427294355,-2.3253423050259237,0
3.6343875967412087,6.6060313606256873,1
-1.3620843189990999,-3.8406660295766328,0
4.6666371538629994,3.0054758814658808,1
-8.3194395513778225,-2.013749353316328,0
-6.2929549528572011,-3.8858380079226982,0
0.16261584911501403,-1.4971336927586218,1
-5.5069065212247743,-0.42654730801478768,0
-4.0884311561428701,-2.7894649063792709,0
-1.5679714192782355,-2.7654362071981113,0
5.4259008818106995,0.89839753835283975,1
0.78022641160862527,-1.6088857139723503,0
-2.1995884968278197,-2.0723305252144057,0
2.2317923205705514,2.6124092945950741,1
3.3011848522395262,-0.65903668826115513,1
-0.91869476874545253,-5.5782865285246697,0
-2.1270264662527447,-5.8486150729963624,0
-2.4056333865610946,-2.541203242675075,0
5.3995806363072258,-2.0225028410521633,1
-2.8309675477142506,-6.1903633193321976,0
2.1051763183562153,-1.0190303104676923,1
2.042477140446163,-0.39471576690861365,0
-2.1848026368278024,-3.8822881558030549,0
0.77246564202609136,-4.4903307702005337,0
3.3077362987605463,1.7794063655850951,1
4.6347906575007336,3.9402484000184774,1
4.7521518857174296,6.8301795404324821,1
-4.9375693538748413,-2.7259830721401856,0
-4.0550062866792844,0.08119199994815629,0
1.1553978457864478,7.1266728481683259,1
-1.3245726726419855,-5.3804550105755347,0
1.1979959555206035,3.0866626870506271,1
-3.0099597444373392,-1.5320774196445519,0
3.2322952049009563,5.1496695017856755,1
6.5015682600946221,1.246396939066706,1
4.9803911938120322,6.1672254856838009,1
3.992082240447739,3.4636337370829078,1
1.8663862438439003,7.0771790275102449,1
-1.8382305950071274,7.4529893788261905,1
-3.0776969266166532,-4.4587617929063157,0
-4.7103101806004748,-1.1859800035043615,0
4.8770368152515022,2.207951787291063,1
2.1267226850474632,3.3046062214614724,1
5.8836552250405951,4.9188973436171217,1
-1.0986694451821197,-4.3543058910008705,0
5.0184122228845691,4.8600588008887851,1
-0.44132197975691412,4.9311820419468235,1
-4.1288850700018482,-3.3372195937612643,0
3.2387611723023801,6.1747402144886792,1
2.8028291668360517,4.0276050319314534,1
-3.7603189741333756,-3.919043400959906,0
2.6827699983889675,4.6817061989034059,1
4.1579882532352208,-2.4849420411767893,1
-1.9364076949792004,0.4817321551481637,0
2.5603105130346204,3.9459436391219214,1
0.72696574357724453,-3.1985515172214019,0
-4.0559069481063839,-5.2468033555741735,0
3.339323137751375,2.4238155257614462,1
3.1141259069270379,1.9824066001419538,1
-4.3589231206862067,1.5103456792997285,0
2.1344054794958454,3.1584523428274647,1
1.5567950798411632,6.1319771951941027,1
-0.79577856679039272,-3.0366159065944611,0
-2.2454959654163158,-5.4242995334301067,0
-0.2526600917316606,1.1263995127883595,0
4.0078289272286165,2.4946329989682674,1
3.9034881558841623,1.8589315512690527,1
-3.599275353680615,-3.8315952901441754,0
7.2983191123938855,-1.5098811574659079,1
-1.5196315832747147,1.7440788451381879,0
4.4148312905520095,3.177211959657086,1
2.3523408770880461,-1.6114820047921627,1
4.7320134112171335,5.331329103351182,1
-5.776778967585817,0.47353676760095054,0
1.9109278626429309,5.0075680710432984,1
2.0604962796614004,2.5252134047762214,1
3.0855414723139751,2.6623643108277451,1
1.7269419703694684,0.63654442716424642,1
2.4860892081349522,3.2113825256004001,1
-6.5416482059134342,-3.5490689688338772,0
1.9001368596726529,2.3640417833958942,1
-2.6977021871173124,-5.7755435319357655,0
-3.3367473616092673,-2.2241899861866008,0
0.134877196478429,5.0178382107153396,1
-0.35271484672444142,-2.3206225211285609,0
1.5042394762849536,1.1361479677450756,1
2.3382812544156484,4.7485569219999775,1
-2.075531327012905,-3.8363490078134435,0
-5.4473681561627494,-4.3490016632159936,0
-2.8161366523457523,-2.3081182827403066,0
-1.3336072411394271,-4.7905684373575212,0
-2.1487457445979077,-0.3962153081809503,0
4.6139184123420458,4.5809271546067309,1
5.1237502370094727,7.3615467328521227,1
4.210023610712355,2.2467300779691768,1
5.5066539602348792,6.115162382884046,1
1.7538777095610301,3.4130632650752846,1
4.2856490119079416,1.8776099163095561,1
3.9374823091910431,1.8769470410452127,1
-5.4039387800830987,-3.7475904181605304,0
4.4421171051056092,2.4441250811791004,1
-1.8893497562470269,4.6512415995758527,1
-4.1035335557029615,-4.9958378038132683,0
1.6104532153545779,0.075134903659153096,1
-0.58342302889537256,-0.12999192033613705,0
-0.44365189669261307,-7.2224764854601284,0
3.8241473146916518,-0.99236604734493472,1
-4.6722102251271576,-4.2899783970127885,0
-1.1973775831864497,2.0548974958104012,1
-3.1424018178585258,-4.2129220920868997,0
-2.1781743293606359,5.8748647287909046,1
-1.3876855326820137,-4.5841764287285844,0
5.8565122022586191,3.869285829780297,1
0.2878998699736508,-2.5240475947327718,0
-2.283914424896806,-3.0113850605819628,0
-5.1002335291544192,-0.47158582943627758,0
-6.4143348542007494,-2.269704284775063,0
-5.8675733985686946,-2.8630278787173546,0
0.88934481114248154,-4.1088900995680904,0
0.19688671300833649,-0.62181705458881531,0
-6.52527339593615,-4.5409559795845604,0
-3.0161250904071792,-4.2548771237193126,0
4.6504160180747238,5.5258629995507773,1
-6.180744769309559,-3.4434612128205124,0
-1.3503876617639621,-2.3140295676140297,0
1.5644279032254793,0.25434064956854563,1
-7.2818831349425688,-1.8808743556395129,0
-0.32490874347452925,6.1543862915453396,1
0.22853546419360438,3.0097757467326498,1
-2.8051720636399975,-2.7337953867423508,0
-4.5571491811782829,-5.9212805658000303,0
7.3340520206847026,4.4765017427893223,1
-8.2784134587991467,-0.74605017922989303,0
-2.7683479426003927,-2.3371783399587054,0
-9.3041273047143687,-2.6973904197811236,0
-5.3042243360573282,-1.5549573800577776,0
4.3261019331008921,0.85196755461868889,1
-5.3323837038434458,2.528534247865454,0
2.4417657808893689,0.95679051203289101,1
1.8686379069165406,5.9777800942872226,1
1.9805866890587076,-3.1174369089436116,0
-0.13228478161665125,-2.3684185182932893,0
-2.2483676711086416,-3.0889062226523043,0
-3.4293098913897162,-4.4889441788962774,0
4.8632066754196979,4.7800623168846528,1
3.584536176432179,2.3843410302499493,1
1.366834893096982,-0.46412115977346602,0
1.084611536860776,-2.3515984190633592,0
-5.6372877413412041,-1.8597117202760232,0
-3.4894160176821889,-3.9221255112974824,0
-1.2344385178321842,3.2136333988627235,1
-1.3552597766782544,4.9226339854829204,1
-4.2209090327885619,-4.0214135675418774,0
5.5061752372157962,2.0348778856175458,1
1.8585667587581129,1.4692137993393477,1
-0.54670406854000841,3.0788829437861782,1
-4.8292712179892412,-5.7964265662149579,0
2.0158001837038606,4.2081938894432227,1
-2.7107615130177511,-0.16532892046265424,0
2.8076091533544263,0.90796742758955151,1
2.7668817512574448,-0.57293674360301061,1
-5.7238200930826704,-5.1501045223635273,0
-3.7831567585317893,-5.7197818316089641,0
-2.8807197360645991,-0.53868373837284533,0
-0.94168487412821911,-0.32194720181175773,0
-3.0728825598153322,-2.6152821063957417,0
6.897805342310753,3.524357461468302,1
2.4392064900046986,5.1256596859812937,1
-4.2615664569442622,-5.2444511217595391,0
3.1816530987992722,4.8933027295255958,1
-1.6875279139583519,0.08570206762526178,0
1.6764242830998983,4.475001540602948,1
4.3266011271142126,2.0669215780325048,1
2.5637855138738894,3.3098749587721423,1
-0.85693751311393562,-3.8091406074087817,0
-3.6535644612796636,-4.4198973130034975,0
-1.7411326757717593,-3.0396728473414565,0
-1.2786850883568699,1.4710264651271654,0
-2.1699102588300141,-2.1441289707597968,0
0.99588902386230238,3.6492029280479121,1
-2.5729278105476765,3.4275784777531477,0
4.0541323557865372,1.1392793627510445,1
-0.55095411292191399,-3.7397779091911527,0
3.7819032834157418,0.91961653986712877,1
-1.6288675388468508,-3.3403138006977353,0
-4.9424217777322275,-2.1859022629567582,0
-4.7142083599934876,-0.93474741024867569,0
2.5673891353071863,-3.2051066422049379,0
8.3688626539404503,4.9050502697397551,1
2.4631211555615389,3.1690238870145802,1
4.1725328278706026,3.8625609985425782,1
1.9764259046016621,1.268572067573414,1
0.72661910046398459,1.9826375190249192,1
-0.58989054368792804,-5.0962096232662581,0
4.4959359710939548,-0.38576285164685187,1
0.5520012896677664,-2.2948365362135723,0
-6.0304165671930932,-1.1106348826621553,0
5.1483207328308893,1.9361911751524985,1
-5.5867507578191304,-6.0519635683405344,0
1.258779524446231,4.4710280013412973,1
-3.3692346530874944,-6.0933550885767449,0
5.0715593332574898,1.2844866286166221,1
-1.1107712536530083,-0.77883272233895262,0
-4.7821668379314843,-7.1718786776021348,0
-8.3500732433453386,-0.36962980536868795,0
-2.6705727066291751,-4.8437898361712888,0
-7.347508652575673,-5.9242250460636328,0
-6.0009026263750247,-0.94324843917882495,0
-5.8540817172522859,-4.057302181321349,0
1.8810444798948676,3.517108486555077,1
-4.2337089541616448,-1.8291435481528535,0
-6.4080993489059423,-4.2409799306218465,0
2.3732409070530576,2.9577262143851617,1
1.9270642231269137,2.4004244205564538,1
-3.2407799414353535,-4.2766550604087987,0
4.4233682566883639,1.1010907322186538,1
